INSERT INTO "TB_MERCADORIAS" ("CD_MERCADORIA", "DSC_MERCADORIA", "VL_COMPRA", "VL_VENDA")
VALUES (1, 'MIOJO', '0.9', '1.5'),
	   (2, 'ARROZ', '5', '7.5'),
	   (3, 'FEIJAO', '6.30', '8.50'),
	   (4, 'MACARRAO', '3', '4.50'),
	   (5, 'ACUCAR', '2.37', '4.29'),
	   (6, 'COCA COLA', '5.29', '9.00'),
	   (7, 'MOLHO DE TOMATE', '0.99', '2.30'),
	   (8, 'MACARRAO', '3', '4.50'),
	   (9, 'MOLHO DE TOMATE', '0.99', '2.30'),
	   (10, 'MACARRAO', '3', '4.50');

SELECT * FROM "TB_MERCADORIAS";

INSERT INTO "TB_CLIENTES" ("CD_CLIENTE", "NM_CLIENTE", "DT_NASCIMENTO", "TP_DOCUMENTO", "NR_DOCUMENTO", "LOGRADOURO", "NUMERO", "BAIRRO", "CIDADE")
VALUES (1, 'LUIZ DA COSTA', '02/07/1998', 'CPF', '40854840010', 'RUA BARONESA', '1360', 'COPACABANA', 'RIO DE JANEIRO'),
	   (2, 'PEDRO DANILO SALES', '18/07/2002', 'CPF', '11094689700', 'RUA VALDEMAR VIANA DE CARVALHO', '1360', 'PADRE MIGUEL', 'RIO DE JANEIRO'),
	   (3, 'CARLOS RAMOS LIMA', '27/11/1986', 'CPF', '06536658736', 'RUA VIANA DE CARVALHO', '1390', 'TIJUCA', 'RIO DE JANEIRO'),
	   (4, 'MARCOS SANTOS NASCIMENTO', '02/07/1998', 'CPF', '24780526795', 'RUA BARONESA', '1360', 'COPACABANA', 'RIO DE JANEIRO'),
	   (5, 'JONAS RICARDO SALES', '18/07/2005', 'CPF', '22550460758', 'RUA VALDEMAR VIANA DE CARVALHO', '1360', 'PADRE MIGUEL', 'RIO DE JANEIRO'),
	   (6, 'POLIANA SANTOS NASCIMENTO', '27/11/1970', 'CPF', '03577726792', 'RUA VIANA DE CARVALHO', '1390', 'TIJUCA', 'RIO DE JANEIRO'),
	   (7, 'CARLOS MARTINS SOUZA', '02/07/1965', 'CNPJ', '55696952739', 'RUA BARONESA', '1360', 'COPACABANA', 'RIO DE JANEIRO'),
	   (8, 'JULIANA COSTA MORAES', '18/07/2001', 'CPF', '64746976791', 'RUA VALDEMAR VIANA DE CARVALHO', '1360', 'PADRE MIGUEL', 'RIO DE JANEIRO'),
	   (9, 'FRANCISCO ALVES MORAES', '27/11/1974', 'CPF', '61094811734', 'RUA VIANA DE CARVALHO', '1390', 'TIJUCA', 'RIO DE JANEIRO'),
       (10, 'ANTONIA ROCHA MACHADO', '02/07/1956', 'CNPJ', '15468003791', 'RUA BARONESA', '1360', 'COPACABANA', 'RIO DE JANEIRO'),
	   (11, 'PEDRO MOURA MACHADO', '18/07/2084', 'CPF', '65485804780', 'RUA VALDEMAR VIANA DE CARVALHO', '1360', 'PADRE MIGUEL', 'RIO DE JANEIRO'),
	   (12, 'JULIANA CARDOSO MENDES', '27/11/1986', 'CPF', '54958688706', 'RUA VIANA DE CARVALHO', '1390', 'TIJUCA', 'RIO DE JANEIRO'),
	   (13, 'CARLOS CARDOSO MENDES', '02/07/1999', 'CNPJ', '35264470715', 'RUA BARONESA', '1360', 'COPACABANA', 'RIO DE JANEIRO'),
	   (14, 'PAULO DUARTE MENDES', '18/07/2003', 'CPF', '38274848713', 'RUA VALDEMAR VIANA DE CARVALHO', '1360', 'PADRE MIGUEL', 'RIO DE JANEIRO'),
	   (15, 'FERNANDA LIMA DUARTE', '27/11/1994', 'CPF', '07961434712', 'RUA VIANA DE CARVALHO', '1390', 'TIJUCA', 'RIO DE JANEIRO'),
	   (16, 'LUCAS MEDEIROS DUARTE', '02/07/1979', 'CNPJ', '83614250717', 'RUA BARONESA', '1360', 'COPACABANA', 'RIO DE JANEIRO'),
	   (17, 'FERNANDA MARTINS GARCIA', '18/07/2002', 'CPF', '77416371775', 'RUA VALDEMAR VIANA DE CARVALHO', '1360', 'PADRE MIGUEL', 'RIO DE JANEIRO'),
	   (18, 'PAULO BARROS SANTOS', '27/11/1986', 'CPF', '09642414716', 'RUA VIANA DE CARVALHO', '1390', 'TIJUCA', 'RIO DE JANEIRO'),
	   (19, 'ANTONIA CARDOSO ANDRADE', '02/07/1998', 'CPF', '66078678710', 'RUA BARONESA', '1360', 'COPACABANA', 'RIO DE JANEIRO'),
	   (20, 'JOAO CARDOSO ANDRADE', '18/07/2002', 'CPF', '92681037700', 'RUA VALDEMAR VIANA DE CARVALHO', '1360', 'PADRE MIGUEL', 'RIO DE JANEIRO'),
	   (21, 'MARCIA MARQUES SANTOS', '27/11/1986', 'CNPJ', '78783507795', 'RUA VIANA DE CARVALHO', '1390', 'TIJUCA', 'RIO DE JANEIRO'),
       (22, 'PAULO MOREIRA REIS', '02/07/1998', 'CPF', '18636453739', 'RUA BARONESA', '1360', 'COPACABANA', 'RIO DE JANEIRO'),
	   (23, 'MARIA CAMPOS TEIXEIRA', '18/07/2002', 'CPF', '47175271786', 'RUA VALDEMAR VIANA DE CARVALHO', '1360', 'PADRE MIGUEL', 'RIO DE JANEIRO'),
	   (24, 'JULIANA SANTOS NASCIMENTO', '27/11/1986', 'CPF', '73860659731', 'RUA VIANA DE CARVALHO', '1390', 'TIJUCA', 'RIO DE JANEIRO'),
	   (25, 'ANTONIO BARROS TEIXEIRA', '02/07/1998', 'CNPJ', '04198372721', 'RUA BARONESA', '1360', 'COPACABANA', 'RIO DE JANEIRO'),
	   (26, 'PEDRO DANILO SALES', '18/07/2002', 'CPF', '31639534768', 'RUA VALDEMAR VIANA DE CARVALHO', '1360', 'PADRE MIGUEL', 'RIO DE JANEIRO'),
	   (27, 'CAROLINA SANTOS NASCIMENTO', '27/11/1986', 'CPF', '84694869779', 'RUA VIANA DE CARVALHO', '1390', 'TIJUCA', 'RIO DE JANEIRO');

SELECT * FROM "TB_CLIENTES";

INSERT INTO "TB_NOTA_FISCAL" ("NR_NF", "DT_EMISSAO", "VL_TOTAL")
VALUES ('000001', '28/11/2022', '40.6'),
	   ('000002', '28/11/2022', '29.08');
	   
SELECT * FROM "TB_NOTA_FISCAL";

INSERT INTO "TB_VENDAS"("CD_VENDA", "NR_NF", "CD_CLIENTE", "CD_MERCADORIA", "QTD_VENDIDA", "VL_TOTAL_MERCADORIA")
VALUES (1, '000001', 5, 4, 3,'13.50'),
	   (2, '000001', 5, 1, 6,'9.0'),
	   (3, '000001', 5, 4, 3,'13.50'),
	   (4, '000001', 5, 7, 2,'4.60'),
	   (5, '000002', 1, 1, 3,'4.5'),
	   (6, '000002', 1, 5, 2,'8.58'),
	   (7, '000002', 1, 3, 1,'8.50'),
	   (8, '000002', 1, 2, 1,'7.50');

SELECT * FROM "TB_VENDAS";